cpu_processing,mem_processing,RESIDUE,            TPR,CLASS
0.237,0.843,0.606,279,0
0.218,0.844,0.626,279,0
0.724,0.844,0.12,260,1
0.31,0.845,0.535,280,0
0.389,0.862,0.473,280,0
0.67,0.762,0.092,265,1
0.384,0.829,0.445,266,0
0.241,0.808,0.567,266,0
0.248,0.806,0.558,266,0
0.666,0.724,0.058,243,1
0.218,0.805,0.587,266,0
0.234,0.805,0.571,266,0
0.309,0.805,0.496,266,0
0.179,0.804,0.625,265,0
0.266,0.802,0.536,265,0
0.227,0.803,0.576,265,0
0.216,0.804,0.588,265,0
0.22,0.804,0.584,265,0
0.185,0.803,0.618,265,0
0.224,0.803,0.579,265,0
0.18,0.803,0.623,264,0
0.186,0.804,0.618,264,0
0.273,0.804,0.531,264,0
0.188,0.802,0.614,264,0
0.293,0.801,0.508,264,0
0.22,0.8,0.58,264,0
0.282,0.799,0.517,264,0
0.168,0.799,0.631,264,0
0.21,0.799,0.589,260,0
0.277,0.792,0.515,259,0
0.169,0.791,0.622,259,0
0.313,0.79,0.477,259,0
0.224,0.79,0.566,259,0
0.292,0.789,0.497,259,0
0.243,0.785,0.542,259,0
0.237,0.784,0.547,259,0
0.192,0.784,0.592,259,0
0.189,0.783,0.594,259,0
0.172,0.783,0.611,259,0
0.227,0.784,0.557,259,0
0.2,0.784,0.584,259,0
0.256,0.785,0.529,259,0
0.284,0.785,0.501,259,0
0.33,0.788,0.458,259,0
0.375,0.794,0.419,259,0
0.387,0.796,0.409,259,0
0.154,0.796,0.642,258,0
0.244,0.795,0.551,258,0
0.266,0.795,0.529,258,0
0.211,0.797,0.586,258,0
0.156,0.792,0.636,259,0
0.2,0.795,0.595,259,0
0.293,0.807,0.514,259,0
0.252,0.809,0.557,261,0
0.111,0.809,0.698,261,0
0.172,0.806,0.634,261,0
0.241,0.809,0.568,261,0
0.273,0.812,0.539,261,0
0.393,0.808,0.415,261,0
0.294,0.807,0.513,261,0
0.267,0.808,0.541,261,0
0.214,0.807,0.593,261,0
0.213,0.807,0.594,260,0
0.235,0.807,0.572,260,0
0.216,0.805,0.589,260,0
0.265,0.805,0.54,260,0
0.257,0.805,0.548,260,0
0.296,0.805,0.509,259,0
0.458,0.807,0.349,260,0
0.15,0.807,0.657,260,0
0.129,0.807,0.678,260,0
0.132,0.806,0.674,260,0
0.211,0.805,0.594,260,0
0.181,0.806,0.625,260,0
0.172,0.806,0.634,260,0
0.157,0.804,0.647,260,0
0.169,0.805,0.636,260,0
0.203,0.805,0.602,260,0
0.213,0.805,0.592,260,0
0.207,0.805,0.598,260,0
0.247,0.805,0.558,260,0
0.241,0.806,0.565,260,0
0.213,0.806,0.593,260,0
0.217,0.806,0.589,260,0
0.193,0.805,0.612,260,0
0.137,0.806,0.669,260,0
0.135,0.805,0.67,260,0
0.15,0.806,0.656,260,0
0.227,0.816,0.589,264,0
0.435,0.839,0.404,265,0
0.592,0.862,0.27,268,0
0.788,0.88,0.092,269,0
0.635,0.899,0.264,271,0
0.907,0.849,-0.058,274,0
0.705,0.853,0.148,272,0
0.295,0.85,0.555,273,0
0.27,0.849,0.579,273,0
0.13,0.848,0.718,273,0
0.187,0.847,0.66,273,0
0.208,0.845,0.637,273,0
0.171,0.846,0.675,273,0
0.114,0.844,0.73,273,0
0.238,0.842,0.604,273,0
0.359,0.843,0.484,275,0
0.315,0.85,0.535,275,0
0.34,0.85,0.51,275,0
0.272,0.834,0.562,275,0
0.306,0.779,0.473,262,0
0.257,0.753,0.496,261,0
0.22,0.755,0.535,261,0
0.218,0.755,0.537,261,0
0.274,0.755,0.481,261,0
0.299,0.754,0.455,261,0
0.228,0.754,0.526,261,0
0.27,0.753,0.483,261,0
0.189,0.752,0.563,261,0
0.175,0.752,0.577,261,0
0.096,0.752,0.656,261,0
0.294,0.754,0.46,261,0
0.215,0.754,0.539,261,0
0.353,0.728,0.375,261,0
0.255,0.726,0.471,261,0
0.126,0.726,0.6,261,0
0.226,0.725,0.499,261,0
0.227,0.724,0.497,261,0
0.264,0.724,0.46,261,0
0.211,0.724,0.513,260,0
0.131,0.724,0.593,260,0
0.341,0.745,0.404,262,0
0.54,0.755,0.215,262,0
0.54,0.777,0.237,262,0
0.602,0.789,0.187,261,0
0.602,0.811,0.209,262,0
0.66,0.806,0.146,262,0
0.732,0.815,0.083,264,0
0.416,0.827,0.411,264,0
0.21,0.819,0.609,264,0
0.338,0.819,0.481,264,0
0.319,0.814,0.495,264,0
0.291,0.806,0.515,264,0
0.214,0.805,0.591,264,0
0.193,0.801,0.608,264,0
0.237,0.803,0.566,264,0
0.276,0.798,0.522,264,0
0.276,0.797,0.521,264,0
0.335,0.796,0.461,264,0
0.306,0.798,0.492,264,0
0.359,0.8,0.441,264,0
0.305,0.8,0.495,264,0
0.178,0.786,0.608,267,0
0.256,0.787,0.531,267,0
0.295,0.787,0.492,267,0
0.199,0.786,0.587,267,0
0.283,0.786,0.503,267,0
0.263,0.786,0.523,267,0
0.16,0.786,0.626,267,0
0.148,0.786,0.638,267,0
0.244,0.786,0.542,267,0
0.408,0.817,0.409,272,0
0.525,0.83,0.305,275,0
0.792,0.86,0.068,277,0
0.697,0.882,0.185,281,0
0.659,0.881,0.222,279,0
0.575,0.88,0.305,279,0
0.279,0.881,0.602,279,0
0.338,0.883,0.545,281,0
0.201,0.883,0.682,281,0
0.252,0.88,0.628,281,0
0.278,0.88,0.602,281,0
0.258,0.878,0.62,281,0
0.271,0.881,0.61,281,0
0.302,0.879,0.577,281,0
0.32,0.874,0.554,280,0
0.34,0.877,0.537,282,0
0.419,0.882,0.463,282,0
0.365,0.865,0.5,282,0
0.23,0.871,0.641,282,0
0.165,0.871,0.706,282,0
0.267,0.869,0.602,282,0
0.31,0.868,0.558,282,0
0.242,0.868,0.626,282,0
0.183,0.868,0.685,282,0
0.174,0.877,0.703,282,0
0.206,0.875,0.669,282,0
0.374,0.868,0.494,282,0
0.393,0.867,0.474,282,0
0.275,0.866,0.591,282,0
0.157,0.866,0.709,282,0
0.194,0.867,0.673,282,0
0.225,0.865,0.64,282,0
0.398,0.862,0.464,282,0
0.428,0.864,0.436,282,0
0.418,0.867,0.449,282,0
0.352,0.872,0.52,283,0
0.342,0.877,0.535,282,0
0.294,0.872,0.578,282,0
0.227,0.872,0.645,282,0
0.238,0.871,0.633,282,0
0.357,0.872,0.515,282,0
0.247,0.88,0.633,282,0
0.283,0.88,0.597,282,0
0.173,0.878,0.705,282,0
0.12,0.878,0.758,282,0
0.093,0.873,0.78,282,0
0.137,0.872,0.735,282,0
0.131,0.872,0.741,282,0
0.317,0.869,0.552,282,0
0.266,0.869,0.603,282,0
0.143,0.869,0.726,282,0
0.244,0.867,0.623,282,0
0.242,0.866,0.624,282,0
0.214,0.866,0.652,282,0
0.202,0.866,0.664,282,0
0.223,0.866,0.643,282,0
0.25,0.866,0.616,282,0
0.232,0.873,0.641,282,0
0.188,0.874,0.686,282,0
0.278,0.875,0.597,282,0
0.418,0.876,0.458,282,0
0.391,0.873,0.482,283,0
0.332,0.875,0.543,283,0
0.354,0.88,0.526,283,0
0.373,0.883,0.51,283,0
0.459,0.883,0.424,283,0
0.521,0.883,0.362,283,0
0.399,0.88,0.481,283,0
0.321,0.879,0.558,283,0
0.25,0.876,0.626,283,0
0.241,0.875,0.634,283,0
0.228,0.875,0.647,283,0
0.152,0.875,0.723,283,0
0.239,0.873,0.634,283,0
0.232,0.874,0.642,283,0
0.206,0.874,0.668,283,0
0.141,0.872,0.731,283,0
0.182,0.873,0.691,283,0
0.204,0.873,0.669,282,0
0.128,0.875,0.747,282,0
0.19,0.874,0.684,282,0
0.228,0.874,0.646,282,0
0.259,0.874,0.615,282,0
0.305,0.874,0.569,282,0
0.213,0.874,0.661,282,0
0.254,0.874,0.62,282,0
0.311,0.874,0.563,282,0
0.365,0.873,0.508,282,0
0.471,0.872,0.401,282,0
0.157,0.872,0.715,282,0
0.2,0.876,0.676,283,0
0.299,0.878,0.579,283,0
0.292,0.884,0.592,284,0
0.263,0.883,0.62,284,0
0.216,0.883,0.667,284,0
0.23,0.89,0.66,284,0
0.225,0.89,0.665,284,0
0.186,0.89,0.704,284,0
0.24,0.89,0.65,284,0
0.255,0.888,0.633,284,0
0.249,0.888,0.639,284,0
0.201,0.887,0.686,284,0
0.2,0.887,0.687,284,0
0.222,0.887,0.665,284,0
0.175,0.885,0.71,284,0
0.197,0.885,0.688,284,0
0.194,0.884,0.69,284,0
0.133,0.883,0.75,284,0
0.174,0.884,0.71,284,0
0.155,0.883,0.728,283,0
0.253,0.882,0.629,284,0
0.265,0.882,0.617,284,0
0.35,0.885,0.535,285,0
0.378,0.873,0.495,284,0
0.2,0.872,0.672,284,0
0.199,0.872,0.673,284,0
0.182,0.871,0.689,285,0
0.385,0.874,0.489,284,0
0.293,0.873,0.58,284,0
0.229,0.873,0.644,284,0
0.247,0.872,0.625,284,0
0.258,0.874,0.616,284,0
0.281,0.883,0.602,285,0
0.227,0.878,0.651,285,0
0.345,0.878,0.533,285,0
0.32,0.885,0.565,285,0
0.3,0.885,0.585,285,0
0.241,0.885,0.644,285,0
0.278,0.885,0.607,285,0
0.155,0.885,0.73,285,0
0.271,0.884,0.613,285,0
0.267,0.873,0.606,285,0
0.249,0.874,0.625,285,0
0.18,0.874,0.694,285,0
0.227,0.874,0.647,285,0
0.188,0.874,0.686,285,0
0.196,0.875,0.679,285,0
0.24,0.875,0.635,285,0
0.326,0.875,0.549,285,0
0.29,0.875,0.585,285,0
0.283,0.875,0.592,285,0
0.267,0.875,0.608,285,0
0.281,0.875,0.594,285,0
0.218,0.873,0.655,285,0
0.241,0.874,0.633,285,0
0.229,0.874,0.645,285,0
0.285,0.874,0.589,285,0
0.278,0.873,0.595,284,0
0.498,0.89,0.392,288,0
0.259,0.897,0.638,288,0
0.325,0.893,0.568,288,0
0.338,0.893,0.555,288,0
0.198,0.895,0.697,288,0
0.305,0.894,0.589,288,0
0.262,0.894,0.632,288,0
0.257,0.895,0.638,288,0
0.196,0.892,0.696,288,0
0.303,0.892,0.589,288,0
0.213,0.892,0.679,288,0
0.227,0.89,0.663,288,0
0.306,0.89,0.584,288,0
0.227,0.89,0.663,288,0
0.179,0.891,0.712,287,0
0.236,0.89,0.654,287,0
0.236,0.891,0.655,287,0
0.16,0.892,0.732,287,0
0.175,0.891,0.716,287,0
0.155,0.884,0.729,286,0
0.216,0.884,0.668,286,0
0.273,0.884,0.611,286,0
0.216,0.884,0.668,286,0
0.164,0.884,0.72,286,0
0.176,0.883,0.707,285,0
0.195,0.881,0.686,285,0
0.21,0.884,0.674,270,0
0.315,0.805,0.49,269,0
0.19,0.804,0.614,269,0
0.201,0.804,0.603,269,0
0.182,0.782,0.6,266,0
0.15,0.782,0.632,266,0
0.167,0.782,0.615,266,0
0.213,0.781,0.568,266,0
0.131,0.78,0.649,266,0
0.216,0.78,0.564,266,0
0.158,0.78,0.622,266,0
0.129,0.78,0.651,266,0
0.222,0.78,0.558,266,0
0.132,0.779,0.647,266,0
0.203,0.778,0.575,266,0
0.244,0.776,0.532,267,0
0.5,0.776,0.276,267,0
0.293,0.776,0.483,267,0
0.226,0.774,0.548,267,0
0.301,0.775,0.474,267,0
0.469,0.777,0.308,267,0
0.225,0.777,0.552,267,0
0.242,0.777,0.535,267,0
0.323,0.778,0.455,268,0
0.221,0.778,0.557,268,0
0.18,0.778,0.598,268,0
0.189,0.778,0.589,268,0
0.239,0.778,0.539,268,0
0.225,0.778,0.553,268,0
0.135,0.777,0.642,268,0
0.143,0.777,0.634,268,0
0.273,0.74,0.467,254,0
0.221,0.715,0.494,254,0
0.164,0.715,0.551,254,0
0.208,0.715,0.507,254,0
0.184,0.715,0.531,254,0
0.241,0.714,0.473,254,0
0.225,0.714,0.489,254,0
0.252,0.714,0.462,254,0
0.171,0.714,0.543,254,0
0.15,0.714,0.564,254,0
0.173,0.714,0.541,254,0
0.166,0.716,0.55,254,0
0.161,0.718,0.557,254,0
0.182,0.718,0.536,254,0
0.2,0.715,0.515,255,0
0.247,0.716,0.469,254,0
0.204,0.717,0.513,256,0
0.168,0.718,0.55,256,0
0.173,0.72,0.547,256,0
0.192,0.72,0.528,256,0
0.178,0.72,0.542,256,0
0.223,0.72,0.497,256,0
0.178,0.72,0.542,256,0
0.233,0.718,0.485,256,0
0.154,0.718,0.564,256,0
0.184,0.718,0.534,256,0
0.184,0.718,0.534,256,0
0.206,0.716,0.51,256,0
0.171,0.715,0.544,256,0
0.206,0.716,0.51,256,0
0.173,0.716,0.543,256,0
0.19,0.715,0.525,258,0
0.249,0.716,0.467,259,0
0.199,0.717,0.518,259,0
0.165,0.717,0.552,259,0
0.207,0.716,0.509,259,0
0.239,0.715,0.476,259,0
0.295,0.714,0.419,259,0
0.259,0.714,0.455,256,0
0.165,0.713,0.548,255,0
0.204,0.713,0.509,255,0
0.182,0.713,0.531,255,0
0.207,0.713,0.506,255,0
0.127,0.713,0.586,255,0
0.095,0.712,0.617,255,0
0.197,0.712,0.515,255,0
0.2,0.712,0.512,255,0
0.129,0.712,0.583,255,0
0.089,0.712,0.623,255,0
0.314,0.716,0.402,256,0
0.225,0.717,0.492,254,0
0.461,0.75,0.289,257,0
0.254,0.749,0.495,257,0
0.179,0.746,0.567,257,0
0.18,0.745,0.565,257,0
0.241,0.747,0.506,258,0
0.299,0.748,0.449,258,0
0.177,0.743,0.566,258,0
0.132,0.743,0.611,258,0
0.096,0.742,0.646,258,0
0.27,0.742,0.472,258,0
0.174,0.74,0.566,258,0
0.104,0.741,0.637,259,0
0.198,0.739,0.541,259,0
0.154,0.74,0.586,259,0
0.197,0.74,0.543,259,0
0.254,0.741,0.487,259,0
0.258,0.741,0.483,259,0
0.274,0.741,0.467,259,0
0.24,0.743,0.503,259,0
0.179,0.744,0.565,258,0
0.17,0.743,0.573,258,0
0.189,0.743,0.554,258,0
0.147,0.743,0.596,258,0
0.233,0.744,0.511,258,0
0.316,0.735,0.419,256,0
0.333,0.739,0.406,256,0
0.157,0.738,0.581,256,0
0.18,0.739,0.559,257,0
0.461,0.745,0.284,256,0
0.397,0.749,0.352,258,0
0.453,0.75,0.297,259,0
0.261,0.749,0.488,259,0
0.426,0.751,0.325,260,0
0.495,0.757,0.262,260,0
0.495,0.757,0.262,260,0
0.393,0.757,0.364,260,0
0.33,0.757,0.427,260,0
0.301,0.755,0.454,260,0
0.38,0.756,0.376,260,0
0.342,0.758,0.416,261,0
0.268,0.758,0.49,261,0
0.253,0.757,0.504,261,0
0.235,0.758,0.523,261,0
0.276,0.758,0.482,261,0
0.271,0.76,0.489,262,0
0.394,0.791,0.397,263,0
0.128,0.786,0.658,263,0
0.289,0.783,0.494,263,0
0.239,0.78,0.541,263,0
0.309,0.781,0.472,261,0
0.3,0.777,0.477,261,0
0.262,0.776,0.514,261,0
0.269,0.769,0.5,262,0
0.305,0.769,0.464,262,0
0.288,0.771,0.483,262,0
0.414,0.773,0.359,263,0
0.306,0.771,0.465,264,0
0.304,0.772,0.468,264,0
0.328,0.77,0.442,264,0
0.346,0.773,0.427,265,0
0.27,0.773,0.503,265,0
0.451,0.799,0.348,267,0
0.283,0.8,0.517,267,0
0.249,0.796,0.547,267,0
0.2,0.795,0.595,267,0
0.302,0.792,0.49,267,0
0.263,0.792,0.529,267,0
0.274,0.791,0.517,267,0
0.229,0.781,0.552,266,0
0.276,0.781,0.505,266,0
0.171,0.781,0.61,266,0
0.196,0.781,0.585,266,0
0.22,0.78,0.56,266,0
0.386,0.809,0.423,271,0
0.614,0.828,0.214,274,0
0.76,0.829,0.068,246,1
0.774,0.819,0.045,256,1
0.781,0.805,0.024,250,1
0.718,0.883,0.165,282,0
0.619,0.892,0.273,284,0
0.287,0.882,0.595,284,0
0.223,0.881,0.658,284,0
0.188,0.881,0.693,284,0
0.181,0.874,0.693,284,0
0.231,0.87,0.639,284,0
0.125,0.87,0.745,284,0
0.172,0.87,0.698,284,0
0.305,0.868,0.563,284,0
0.25,0.853,0.603,284,0
0.184,0.845,0.661,284,0
0.178,0.844,0.666,284,0
0.103,0.845,0.742,284,0
0.189,0.842,0.653,284,0
0.297,0.841,0.544,284,0
0.242,0.842,0.6,284,0
0.344,0.847,0.503,284,0
0.267,0.847,0.58,284,0
0.277,0.847,0.57,284,0
0.259,0.852,0.593,285,0
0.325,0.851,0.526,284,0
0.281,0.85,0.569,284,0
0.245,0.85,0.605,284,0
0.239,0.85,0.611,284,0
0.246,0.853,0.607,284,0
0.167,0.853,0.686,284,0
0.329,0.852,0.523,283,0
0.181,0.852,0.671,283,0
0.2,0.85,0.65,283,0
0.223,0.85,0.627,283,0
0.2,0.852,0.652,283,0
0.317,0.764,0.447,265,0
0.152,0.764,0.612,265,0
0.164,0.764,0.6,263,0
0.211,0.764,0.553,263,0
0.113,0.764,0.651,263,0
0.192,0.764,0.572,263,0
0.175,0.761,0.586,263,0
0.238,0.761,0.523,263,0
0.234,0.758,0.524,263,0
0.229,0.758,0.529,256,0
0.161,0.761,0.6,245,0
0.223,0.761,0.538,246,0
0.234,0.767,0.533,248,0
0.129,0.767,0.638,248,0
0.087,0.766,0.679,248,0
0.12,0.766,0.646,248,0
0.109,0.766,0.657,248,0
0.183,0.766,0.583,248,0
0.258,0.766,0.508,248,0
0.183,0.764,0.581,248,0
0.222,0.762,0.54,248,0
0.224,0.763,0.539,248,0
0.218,0.761,0.543,248,0
0.302,0.765,0.463,248,0
0.356,0.77,0.414,250,0
0.515,0.798,0.283,253,0
0.688,0.823,0.135,254,0
0.734,0.842,0.108,256,0
0.745,0.863,0.118,260,0
0.833,0.858,0.025,258,1
0.416,0.86,0.444,258,0
0.462,0.867,0.405,262,0
0.542,0.871,0.329,264,0
0.197,0.871,0.674,264,0
0.283,0.869,0.586,264,0
0.338,0.867,0.529,264,0
0.278,0.868,0.59,264,0
0.363,0.871,0.508,264,0
0.341,0.876,0.535,266,0
0.266,0.884,0.618,266,0
0.366,0.878,0.512,266,0
0.286,0.862,0.576,266,0
0.193,0.86,0.667,266,0
0.143,0.859,0.716,266,0
0.147,0.859,0.712,266,0
0.172,0.852,0.68,266,0
0.2,0.846,0.646,266,0
0.191,0.844,0.653,266,0
0.176,0.843,0.667,266,0
0.166,0.844,0.678,266,0
0.144,0.842,0.698,266,0
0.191,0.842,0.651,266,0
0.202,0.845,0.643,266,0
0.236,0.847,0.611,266,0
0.228,0.845,0.617,269,0
0.268,0.845,0.577,269,0
0.568,0.847,0.279,270,0
0.337,0.847,0.51,270,0
0.181,0.847,0.666,270,0
0.127,0.847,0.72,269,0
0.146,0.844,0.698,268,0
0.16,0.843,0.683,268,0
0.088,0.842,0.754,268,0
0.149,0.834,0.685,267,0
0.192,0.834,0.642,267,0
0.237,0.832,0.595,267,0
0.098,0.832,0.734,267,0
0.163,0.832,0.669,267,0
0.161,0.832,0.671,267,0
0.17,0.831,0.661,267,0
0.095,0.832,0.737,267,0
0.12,0.832,0.712,267,0
0.176,0.833,0.657,267,0
0.131,0.832,0.701,267,0
0.116,0.833,0.717,267,0
0.131,0.833,0.702,267,0
0.219,0.832,0.613,267,0
0.203,0.832,0.629,267,0
0.79,0.852,0.062,262,1
0.748,0.804,0.054,254,1
0.676,0.724,0.048,263,1
0.762,0.786,0.024,268,1
0.762,0.801,0.084,262,1
0.813,0.849,0.036,259,1
0.717,0.779,0.062,254,1
0.683,0.754,0.071,260,1
0.678,0.704,0.026,250,1
0.924,0.882,-0.042,254,1
0.862,0.867,0.005,261,1
0.821,0.832,0.011,246,1
0.798,0.801,0.003,253,1
0.845,0.872,0.027,253,1
0.956,0.872,-0.084,265,1
0.784,0.798,0.014,264,1
0.842,0.874,0.032,253,1
0.895,0.873,-0.022,204,1
0.924,0.854,-0.07,248,1
0.865,0.872,0.007,261,1
0.853,0.874,0.021,246,1
0.865,0.876,0.011,254,1
0.921,0.828,-0.093,261,1
0.865,0.868,0.003,243,1
0.81,0.819,0.009,252,1
0.846,0.805,-0.041,236,1
0.798,0.883,0.085,264,1
0.901,0.892,-0.009,245,1
0.879,0.882,0.003,244,1
0.864,0.881,0.017,251,1
0.823,0.881,0.058,259,1
0.87,0.874,0.004,258,1
0.924,0.87,-0.054,264,1
0.857,0.872,0.015,235,1
0.865,0.87,0.005,254,1
0.962,0.868,-0.094,254,1
0.845,0.853,0.008,261,1
0.864,0.845,-0.019,235,1
0.789,0.844,0.055,232,1
0.858,0.864,0.006,248,1
0.896,0.842,-0.054,249,1
0.912,0.841,-0.071,258,1
0.856,0.86,0.004,246,1
0.845,0.847,0.002,258,1
0.882,0.87,-0.012,263,1
0.879,0.847,-0.032,256,1
0.872,0.852,-0.02,261,1
0.79,0.851,0.061,257,1
0.848,0.85,0.002,268,1
0.676,0.762,0.086,249,1
0.762,0.85,0.088,238,1
0.824,0.853,0.029,252,1
0.813,0.853,0.04,248,1
0.817,0.852,0.035,267,1
0.883,0.852,-0.031,254,1
0.778,0.85,0.072,253,1
0.924,0.85,-0.074,251,1
0.862,0.852,-0.01,249,1
0.821,0.764,-0.057,261,1
0.798,0.764,-0.034,262,1
0.845,0.764,-0.081,235,1
0.956,0.864,-0.092,210,1
0.784,0.764,-0.02,248,1
0.842,0.764,-0.078,255,1
0.895,0.772,-0.123,262,1
0.924,0.761,-0.163,254,1
0.865,0.868,0.003,263,1
0.853,0.758,-0.095,268,1
0.865,0.761,-0.104,262,1
0.921,0.761,-0.16,259,1
0.865,0.767,-0.098,254,1
0.834,0.767,-0.067,260,1
0.746,0.766,0.02,250,1
0.798,0.766,-0.032,254,1
0.901,0.796,-0.105,261,1
0.89,0.866,-0.024,246,1
0.864,0.766,-0.098,253,1
0.823,0.764,-0.059,253,1
0.892,0.762,-0.13,265,1
0.924,0.763,-0.161,264,1
0.857,0.761,-0.096,253,1
0.865,0.765,-0.1,204,1
0.962,0.77,-0.192,248,1
0.845,0.798,-0.047,261,1
0.864,0.823,-0.041,246,1
0.789,0.842,0.053,254,1
0.858,0.863,0.005,261,1
0.896,0.858,-0.038,243,1
0.912,0.86,-0.052,252,1
0.856,0.867,0.011,236,1
0.845,0.871,0.026,264,1
0.852,0.871,0.019,245,1
0.879,0.869,-0.01,244,1
0.902,0.867,-0.035,251,1
0.865,0.868,0.003,259,1
0.889,0.871,-0.018,258,1
0.824,0.876,0.052,264,1
0.869,0.884,0.015,235,1
0.904,0.878,-0.026,254,1
0.875,0.862,-0.013,254,1
0.928,0.86,-0.068,261,1
0.854,0.859,0.005,235,1
0.865,0.859,-0.006,232,1
0.798,0.852,0.054,248,1
0.853,0.846,-0.007,249,1
0.895,0.844,-0.051,258,1
0.882,0.843,-0.039,246,1
0.865,0.844,-0.021,258,1
0.915,0.842,-0.073,263,1
0.924,0.842,-0.082,256,1
0.862,0.845,-0.017,261,1
0.821,0.847,0.026,257,1
0.798,0.845,0.047,268,1
0.851,0.845,-0.006,249,1
0.956,0.847,-0.109,238,1
0.784,0.847,0.063,252,1
0.842,0.847,0.005,248,1
0.895,0.847,-0.048,267,1
0.924,0.844,-0.08,254,1
0.865,0.716,-0.149,253,1
0.853,0.717,-0.136,251,1
0.865,0.718,-0.147,249,1
0.921,0.72,-0.201,261,1
0.865,0.72,-0.145,262,1
0.834,0.72,-0.114,235,1
0.846,0.72,-0.126,210,1
0.798,0.72,-0.078,248,1
0.901,0.718,-0.183,255,1
0.89,0.718,-0.172,256,1
0.864,0.718,-0.146,256,1
0.823,0.718,-0.105,256,1
0.892,0.716,-0.176,256,1
0.924,0.715,-0.209,256,1
0.857,0.716,-0.141,256,1
0.865,0.716,-0.149,256,1
0.962,0.715,-0.247,258,1
0.845,0.716,-0.129,259,1
0.864,0.717,-0.147,259,1
0.789,0.717,-0.072,259,1
0.858,0.716,-0.142,259,1
0.896,0.715,-0.181,259,1
0.912,0.714,-0.198,259,1
0.856,0.714,-0.142,256,1
0.845,0.713,-0.132,255,1
0.882,0.713,-0.169,255,1
0.879,0.713,-0.166,255,1
0.902,0.713,-0.189,255,1
0.79,0.713,-0.077,255,1
0.748,0.712,-0.036,255,1
0.676,0.712,0.036,255,1
0.762,0.712,-0.05,255,1
0.862,0.852,-0.01,255,1
0.813,0.712,-0.101,255,1
0.717,0.716,-0.001,256,1
0.683,0.717,0.034,254,1
0.678,0.75,0.072,257,1
0.924,0.749,-0.175,257,1
0.862,0.746,-0.116,257,1
0.821,0.745,-0.076,257,1
0.798,0.747,-0.051,258,1
0.845,0.748,-0.097,258,1
0.956,0.743,-0.213,258,1
0.784,0.743,-0.041,258,1
0.842,0.742,-0.1,258,1
0.895,0.742,-0.153,258,1
0.924,0.74,-0.184,258,1
0.865,0.741,-0.124,259,1
0.853,0.739,-0.114,259,1
0.865,0.74,-0.125,259,1
0.921,0.74,-0.181,259,1
0.865,0.741,-0.124,259,1
0.834,0.741,-0.093,259,1
0.846,0.741,-0.105,259,1
0.798,0.743,-0.055,259,1
0.901,0.744,-0.157,258,1
0.89,0.743,-0.147,258,1
0.864,0.743,-0.121,258,1
0.833,0.743,-0.09,258,1
0.892,0.744,-0.148,258,1
0.924,0.735,-0.189,256,1
0.857,0.739,-0.118,256,1
0.865,0.738,-0.127,256,1
0.962,0.739,-0.223,257,1
0.845,0.745,-0.1,256,1
0.864,0.749,-0.115,258,1
0.789,0.75,-0.039,259,1
0.858,0.749,-0.109,259,1
0.896,0.751,-0.145,260,1
0.912,0.757,-0.155,260,1
0.856,0.757,-0.099,260,1
0.845,0.757,-0.088,260,1
0.882,0.757,-0.125,260,1
0.879,0.755,-0.124,260,1
0.902,0.756,-0.146,260,1
0.865,0.758,-0.107,261,1
0.889,0.758,-0.131,261,1
0.824,0.757,-0.067,261,1
0.869,0.758,-0.111,261,1
0.904,0.758,-0.146,261,1
0.875,0.76,-0.115,262,1
0.928,0.791,-0.137,263,1
0.854,0.786,-0.068,263,1
0.865,0.783,-0.082,263,1
0.798,0.78,-0.018,263,1
0.853,0.781,-0.072,261,1
0.895,0.777,-0.118,261,1
0.882,0.776,-0.106,261,1
0.865,0.769,-0.096,262,1
0.915,0.769,-0.146,262,1
0.924,0.771,-0.153,262,1
0.862,0.773,-0.089,263,1
0.821,0.771,-0.05,264,1
0.798,0.772,-0.026,264,1
0.845,0.77,-0.075,264,1
0.956,0.773,-0.183,265,1
0.784,0.773,-0.011,265,1
0.842,0.799,-0.043,262,1
0.895,0.8,-0.095,254,1
0.924,0.796,-0.128,263,1
0.865,0.795,-0.07,268,1
0.853,0.792,-0.061,262,1
0.865,0.792,-0.073,259,1
0.921,0.791,-0.13,254,1
0.865,0.781,-0.084,260,1
0.834,0.781,-0.053,250,1
0.846,0.781,-0.065,254,1
0.798,0.781,-0.017,261,1
0.901,0.78,-0.121,246,1
0.89,0.809,-0.081,253,1
0.864,0.828,-0.036,253,1
0.813,0.829,0.016,265,1
0.892,0.819,-0.073,264,1
0.924,0.805,-0.119,253,1
0.857,0.883,0.026,204,1
0.865,0.892,0.027,248,1
0.962,0.882,-0.08,261,1
0.845,0.881,0.036,246,1
0.864,0.881,0.017,254,1
0.789,0.874,0.085,261,1
0.858,0.87,0.012,243,1
0.896,0.87,-0.026,252,1
0.912,0.87,-0.042,236,1
0.856,0.868,0.012,264,1
0.845,0.853,0.008,245,1
0.882,0.845,-0.037,244,1
0.879,0.844,-0.035,251,1
0.902,0.845,-0.057,259,1
0.79,0.842,0.052,258,1
0.748,0.841,0.093,264,1
0.676,0.842,0.166,235,1
0.762,0.847,0.085,254,1
0.762,0.847,0.085,254,1
0.813,0.847,0.034,261,1
0.717,0.852,0.135,235,1
0.683,0.851,0.168,232,1
0.678,0.85,0.172,248,1
0.924,0.85,-0.074,249,1
0.862,0.85,-0.012,258,1
0.821,0.853,0.032,246,1
0.798,0.853,0.055,258,1
0.845,0.852,0.007,263,1
0.956,0.852,-0.104,256,1
0.784,0.85,0.066,261,1
0.842,0.85,0.008,257,1
0.895,0.852,-0.043,268,1
0.924,0.764,-0.16,249,1
0.865,0.764,-0.101,238,1
0.853,0.764,-0.089,252,1
0.865,0.764,-0.101,248,1
0.921,0.764,-0.157,267,1
0.865,0.764,-0.101,254,1
0.834,0.761,-0.073,253,1
0.846,0.761,-0.085,251,1
0.798,0.758,-0.04,249,1
0.901,0.758,-0.143,261,1
0.89,0.761,-0.129,262,1
0.864,0.761,-0.103,235,1
0.8,0.767,-0.033,210,1
0.892,0.767,-0.125,248,1
0.924,0.766,-0.158,255,1
0.857,0.766,-0.091,248,1
0.865,0.766,-0.099,248,1
0.962,0.766,-0.196,248,1
0.845,0.766,-0.079,248,1
0.864,0.764,-0.1,248,1
0.789,0.762,-0.027,248,1
0.858,0.763,-0.095,248,1
0.896,0.761,-0.135,248,1
0.912,0.765,-0.147,248,1
0.856,0.77,-0.086,250,1
0.845,0.798,-0.047,253,1
0.882,0.823,-0.059,254,1
0.879,0.842,-0.037,256,1
0.902,0.863,-0.039,260,1
0.865,0.858,-0.007,258,1
0.889,0.86,-0.029,258,1
0.824,0.867,0.043,262,1
0.869,0.871,0.002,264,1
0.904,0.871,-0.033,264,1
0.875,0.869,-0.006,264,1
0.928,0.867,-0.061,264,1
0.854,0.868,0.014,264,1
0.865,0.871,0.006,264,1
0.798,0.876,0.078,266,1
0.853,0.884,0.031,266,1
0.895,0.878,-0.017,266,1
0.882,0.862,-0.02,266,1
0.865,0.86,-0.005,266,1
0.915,0.859,-0.056,266,1
0.954,0.859,-0.095,266,1
0.885,0.852,-0.033,266,1
0.891,0.846,-0.045,266,1
0.897,0.844,-0.053,266,1
0.894,0.843,-0.051,266,1
0.874,0.844,-0.03,266,1
0.94,0.842,-0.098,266,1
0.858,0.842,-0.016,266,1
0.896,0.845,-0.051,266,1
0.912,0.847,-0.065,262,1
0.856,0.845,-0.011,254,1
0.905,0.845,-0.06,263,1
0.882,0.847,-0.035,268,1
0.879,0.847,-0.032,262,1
0.902,0.847,-0.055,259,1
0.865,0.847,-0.018,254,1
0.838,0.844,0.006,260,1
0.824,0.843,0.019,250,1
0.869,0.842,-0.027,254,1
0.832,0.834,0.002,261,1
0.875,0.834,-0.041,246,1
0.928,0.832,-0.096,253,1
0.854,0.86,0.006,253,1
0.865,0.86,-0.005,265,1
0.798,0.832,-0.034,264,1
0.853,0.831,-0.022,253,1
0.895,0.9,0.005,204,1
0.882,0.89,0.008,248,1
0.865,0.874,0.009,261,1
0.915,0.832,-0.093,246,1
0.954,0.833,-0.121,254,1
0.885,0.891,0.006,261,1
0.891,0.832,-0.059,243,1
0.897,0.832,-0.065,252,1
